FirstName,LastName,StartDate
Lloyd,Pierce,2018-05-11
Brad,Stevens,2013-07-03
Jacque,Vaughn,2020-03-07
James,Borrego,2018-05-10
Jim,Boylen,2018-12-03
J. B.,Bickerstaff,2020-02-19
Rick,Carlisle,2008-05-09
Michael,Malone,2015-06-15
Dwane,Casey,2018-06-11
Steve,Kerr,2014-05-19
Mike,D'Antoni,2016-06-01
Nate,McMillan,2016-05-16
Doc,Rivers,2013-06-25
Frank,Vogel,2019-05-13
Taylor,Jenkins,2019-06-11
Erik,Spoelstra,2008-04-28
Mike,Budenholzer,2018-05-18
Ryan,Saunders,2019-01-06
Alvin,Gentry,2015-05-30
Mike,Miller,2019-12-06
Billy,Donovan,2015-04-30
Steve,Clifford,2018-05-30
Brett,Brown,2013-08-14
Monty,Williams,2019-05-03
Terry,Stotts,2012-08-07
Luke,Walton,2019-04-14
Gregg,Popovich,1996-12-10
Nick,Nurse,2018-06-14
Quin,Snyder,2014-06-06
Scott,Brooks,2016-04-26
